{"Gauss-Newton": {"H0": 70.4483546423, "Omega": 0.7360817108, "nfev": 4}, "Levenberg-Marquardt": {"H0": 70.447753807, "Omega": 0.7360611086, "nfev": 11}}